{
  "aws_s3": {
    "name": "Amazon S3",
    "description": "Amazon Simple Storage Service buckets vulnerable to takeover",
    "cname_patterns": [
      ".*\\.s3\\.amazonaws\\.com$",
      ".*\\.s3-.*\\.amazonaws\\.com$",
      ".*\\.s3-website.*\\.amazonaws\\.com$"
    ],
    "error_messages": [
      "NoSuchBucket",
      "The specified bucket does not exist",
      "Access Denied"
    ],
    "http_patterns": [
      "<Error><Code>NoSuchBucket</Code>",
      "<title>404 Not Found</title>",
      "The resource you are looking for has been removed"
    ],
    "vulnerability_indicators": [
      "bucket_not_found",
      "access_denied"
    ]
  },
  "github_pages": {
    "name": "GitHub Pages",
    "description": "GitHub Pages sites vulnerable to takeover",
    "cname_patterns": [
      ".*\\.github\\.io$",
      ".*\\.githubusercontent\\.com$"
    ],
    "error_messages": [
      "There isn't a GitHub Pages site here",
      "404 Not Found",
      "For root URLs (like http://example.com/) you must provide an index.html file"
    ],
    "http_patterns": [
      "There isn't a GitHub Pages site here",
      "404 File not found",
      "GitHub Pages"
    ],
    "vulnerability_indicators": [
      "no_github_pages_site",
      "repository_not_found"
    ]
  },
  "heroku": {
    "name": "Heroku",
    "description": "Heroku apps vulnerable to takeover",
    "cname_patterns": [
      ".*\\.herokuapp\\.com$",
      ".*\\.herokudns\\.com$"
    ],
    "error_messages": [
      "No such app",
      "Application error",
      "H10 - App crashed"
    ],
    "http_patterns": [
      "No such app",
      "Application error",
      "Heroku"
    ],
    "vulnerability_indicators": [
      "no_such_app",
      "app_crashed"
    ]
  },
  "netlify": {
    "name": "Netlify",
    "description": "Netlify sites vulnerable to takeover",
    "cname_patterns": [
      ".*\\.netlify\\.com$",
      ".*\\.netlify\\.app$"
    ],
    "error_messages": [
      "Not Found - Request ID:",
      "Page not found"
    ],
    "http_patterns": [
      "Not Found - Request ID:",
      "Page not found",
      "Netlify"
    ],
    "vulnerability_indicators": [
      "netlify_not_found",
      "site_not_found"
    ]
  },
  "surge": {
    "name": "Surge.sh",
    "description": "Surge.sh sites vulnerable to takeover",
    "cname_patterns": [
      ".*\\.surge\\.sh$"
    ],
    "error_messages": [
      "project not found"
    ],
    "http_patterns": [
      "project not found",
      "surge"
    ],
    "vulnerability_indicators": [
      "project_not_found"
    ]
  },
  "firebase": {
    "name": "Firebase",
    "description": "Firebase hosting vulnerable to takeover",
    "cname_patterns": [
      ".*\\.firebaseapp\\.com$",
      ".*\\.web\\.app$"
    ],
    "error_messages": [
      "Firebase Hosting Setup Complete",
      "Site Not Found"
    ],
    "http_patterns": [
      "Firebase Hosting Setup Complete",
      "Site Not Found",
      "firebase"
    ],
    "vulnerability_indicators": [
      "firebase_setup_incomplete",
      "site_not_found"
    ]
  },
  "azure": {
    "name": "Microsoft Azure",
    "description": "Azure services vulnerable to takeover",
    "cname_patterns": [
      ".*\\.azurewebsites\\.net$",
      ".*\\.cloudapp\\.net$",
      ".*\\.azure\\.com$"
    ],
    "error_messages": [
      "404 Web Site not found",
      "Error 404 - Web app not found"
    ],
    "http_patterns": [
      "404 Web Site not found",
      "Error 404 - Web app not found",
      "azure"
    ],
    "vulnerability_indicators": [
      "azure_site_not_found",
      "web_app_not_found"
    ]
  },
  "shopify": {
    "name": "Shopify",
    "description": "Shopify stores vulnerable to takeover",
    "cname_patterns": [
      ".*\\.myshopify\\.com$"
    ],
    "error_messages": [
      "Sorry, this shop is currently unavailable"
    ],
    "http_patterns": [
      "Sorry, this shop is currently unavailable",
      "shopify"
    ],
    "vulnerability_indicators": [
      "shop_unavailable"
    ]
  },
  "tumblr": {
    "name": "Tumblr",
    "description": "Tumblr blogs vulnerable to takeover",
    "cname_patterns": [
      ".*\\.tumblr\\.com$"
    ],
    "error_messages": [
      "Whatever you were looking for doesn't currently exist at this address"
    ],
    "http_patterns": [
      "Whatever you were looking for doesn't currently exist at this address",
      "tumblr"
    ],
    "vulnerability_indicators": [
      "tumblr_not_found"
    ]
  },
  "wordpress": {
    "name": "WordPress.com",
    "description": "WordPress.com sites vulnerable to takeover",
    "cname_patterns": [
      ".*\\.wordpress\\.com$"
    ],
    "error_messages": [
      "Do you want to register *.wordpress.com?"
    ],
    "http_patterns": [
      "Do you want to register.*wordpress\\.com",
      "wordpress"
    ],
    "vulnerability_indicators": [
      "wordpress_registration_available"
    ]
  },
  "fastly": {
    "name": "Fastly",
    "description": "Fastly CDN services vulnerable to takeover",
    "cname_patterns": [
      ".*\\.fastly\\.com$",
      ".*\\.fastlylb\\.net$"
    ],
    "error_messages": [
      "Fastly error: unknown domain"
    ],
    "http_patterns": [
      "Fastly error: unknown domain",
      "fastly"
    ],
    "vulnerability_indicators": [
      "fastly_unknown_domain"
    ]
  },
  "pantheon": {
    "name": "Pantheon",
    "description": "Pantheon hosting vulnerable to takeover",
    "cname_patterns": [
      ".*\\.pantheonsite\\.io$"
    ],
    "error_messages": [
      "The gods are wise, but do not know of the site which you seek"
    ],
    "http_patterns": [
      "The gods are wise, but do not know of the site which you seek",
      "pantheon"
    ],
    "vulnerability_indicators": [
      "pantheon_site_not_found"
    ]
  },
  "bitbucket": {
    "name": "Bitbucket",
    "description": "Bitbucket pages vulnerable to takeover",
    "cname_patterns": [
      ".*\\.bitbucket\\.io$"
    ],
    "error_messages": [
      "Repository not found"
    ],
    "http_patterns": [
      "Repository not found",
      "bitbucket"
    ],
    "vulnerability_indicators": [
      "bitbucket_repo_not_found"
    ]
  }
}
